INSERT INTO users (id, username, password, nombre, fecha_nacimiento, email, enabled, activation_token, created_at , deleted) VALUES (gen_random_uuid(), 'admin_user', '{bcrypt}$2a$12$q4eBcJphwLiFIb1pEM47wuokLamviOKc2BFv0HHfUqJ8NyPBlc9xa', 'Alice Johnson', '1985-03-10', 'admin@example.com', true, null, NOW(), false); INSERT INTO user_roles (user_id, roles) VALUES ((SELECT id FROM users WHERE username = 'admin_user'), 0);

INSERT INTO users (id, username, password, nombre, fecha_nacimiento, email, enabled, activation_token, created_at, deleted) VALUES (gen_random_uuid(), 'regular_user', '{bcrypt}$2a$12$zKYqTeiCPvPHMdKUo6VAp.G66i.y9SGGqzpv73vqp6c1QjEx7c83O', 'Jane Smith', '1995-08-20', 'user@example.com', true, null, NOW(), false); INSERT INTO user_roles (user_id, roles) VALUES ((SELECT id FROM users WHERE username = 'regular_user'), 1);

INSERT INTO users (id, username, password, nombre, fecha_nacimiento, email, enabled, activation_token, created_at, deleted) VALUES (gen_random_uuid(), 'writer_user', '{bcrypt}$2a$12$wyIc2c9yMIA/EwfAcdJ2yeD0I0odnyJT0dKJM/udmw4VQmbuzWsnK', 'John Doe', '1990-05-15', 'writer@example.com', true, null, NOW(), false); INSERT INTO user_roles (user_id, roles) VALUES ((SELECT id FROM users WHERE username = 'writer_user'), 2);

INSERT INTO users (id, username, password, nombre, fecha_nacimiento, email, enabled, activation_token, created_at, deleted) VALUES (gen_random_uuid(), 'user1', '{bcrypt}$2a$12$zKYqTeiCPvPHMdKUo6VAp.G66i.y9SGGqzpv73vqp6c1QjEx7c83O', 'User 1', '1990-01-01', 'user1@example.com', true, null, NOW(), false); INSERT INTO user_roles (user_id, roles) VALUES ((SELECT id FROM users WHERE username = 'user1'), 1);
INSERT INTO users (id, username, password, nombre, fecha_nacimiento, email, enabled, activation_token, created_at, deleted) VALUES (gen_random_uuid(), 'user2', '{bcrypt}$2a$12$zKYqTeiCPvPHMdKUo6VAp.G66i.y9SGGqzpv73vqp6c1QjEx7c83O', 'User 2', '1990-01-02', 'user2@example.com', true, null, NOW(), false); INSERT INTO user_roles (user_id, roles) VALUES ((SELECT id FROM users WHERE username = 'user2'), 2);
INSERT INTO users (id, username, password, nombre, fecha_nacimiento, email, enabled, activation_token, created_at, deleted) VALUES (gen_random_uuid(), 'user3', '{bcrypt}$2a$12$zKYqTeiCPvPHMdKUo6VAp.G66i.y9SGGqzpv73vqp6c1QjEx7c83O', 'User 3', '1990-01-03', 'user3@example.com', true, null, NOW(), false); INSERT INTO user_roles (user_id, roles) VALUES ((SELECT id FROM users WHERE username = 'user3'), 1);
INSERT INTO users (id, username, password, nombre, fecha_nacimiento, email, enabled, activation_token, created_at, deleted) VALUES (gen_random_uuid(), 'user4', '{bcrypt}$2a$12$zKYqTeiCPvPHMdKUo6VAp.G66i.y9SGGqzpv73vqp6c1QjEx7c83O', 'User 4', '1990-01-04', 'user4@example.com', true, null, NOW(), false); INSERT INTO user_roles (user_id, roles) VALUES ((SELECT id FROM users WHERE username = 'user4'), 2);
INSERT INTO users (id, username, password, nombre, fecha_nacimiento, email, enabled, activation_token, created_at, deleted) VALUES (gen_random_uuid(), 'user5', '{bcrypt}$2a$12$zKYqTeiCPvPHMdKUo6VAp.G66i.y9SGGqzpv73vqp6c1QjEx7c83O', 'User 5', '1990-01-05', 'user5@example.com', true, null, NOW(), false); INSERT INTO user_roles (user_id, roles) VALUES ((SELECT id FROM users WHERE username = 'user5'), 0);

INSERT INTO noticia (id, titular, slug, cuerpo, fecha_publicacion, autor_id) VALUES (gen_random_uuid(), 'Titular de la noticia 1', 'titular-de-la-noticia-1', 'Cuerpo de la noticia 1. Este es el contenido de la noticia.', NOW() - INTERVAL '1 day', (SELECT id FROM users WHERE username = 'writer_user'));
INSERT INTO noticia (id, titular, slug, cuerpo, fecha_publicacion, autor_id) VALUES (gen_random_uuid(), 'Titular de la noticia 2', 'titular-de-la-noticia-2', 'Cuerpo de la noticia 2. Este es el contenido de la noticia.', NOW() - INTERVAL '2 days', (SELECT id FROM users WHERE username = 'admin_user'));
INSERT INTO noticia (id, titular, slug, cuerpo, fecha_publicacion, autor_id) VALUES (gen_random_uuid(), 'Titular de la noticia 3', 'titular-de-la-noticia-3', 'Cuerpo de la noticia 3. Este es el contenido de la noticia.', NOW() - INTERVAL '3 days', (SELECT id FROM users WHERE username = 'writer_user'));
INSERT INTO noticia (id, titular, slug, cuerpo, fecha_publicacion, autor_id) VALUES (gen_random_uuid(), 'Titular de la noticia 4', 'titular-de-la-noticia-4', 'Cuerpo de la noticia 4. Este es el contenido de la noticia.', NOW() - INTERVAL '4 days', (SELECT id FROM users WHERE username = 'writer_user'));
INSERT INTO noticia (id, titular, slug, cuerpo, fecha_publicacion, autor_id) VALUES (gen_random_uuid(), 'Titular de la noticia 5', 'titular-de-la-noticia-5', 'Cuerpo de la noticia 5. Este es el contenido de la noticia.', NOW() - INTERVAL '5 days', (SELECT id FROM users WHERE username = 'admin_user'));
INSERT INTO noticia (id, titular, slug, cuerpo, fecha_publicacion, autor_id) VALUES (gen_random_uuid(), 'Titular de la noticia 6', 'titular-de-la-noticia-6', 'Cuerpo de la noticia 6. Este es el contenido de la noticia.', NOW() - INTERVAL '6 days', (SELECT id FROM users WHERE username = 'writer_user'));
INSERT INTO noticia (id, titular, slug, cuerpo, fecha_publicacion, autor_id) VALUES (gen_random_uuid(), 'Titular de la noticia 7', 'titular-de-la-noticia-7', 'Cuerpo de la noticia 7. Este es el contenido de la noticia.', NOW() - INTERVAL '7 days', (SELECT id FROM users WHERE username = 'writer_user'));
INSERT INTO noticia (id, titular, slug, cuerpo, fecha_publicacion, autor_id) VALUES (gen_random_uuid(), 'Titular de la noticia 8', 'titular-de-la-noticia-8', 'Cuerpo de la noticia 8. Este es el contenido de la noticia.', NOW() - INTERVAL '8 days', (SELECT id FROM users WHERE username = 'admin_user'));
INSERT INTO noticia (id, titular, slug, cuerpo, fecha_publicacion, autor_id) VALUES (gen_random_uuid(), 'Titular de la noticia 9', 'titular-de-la-noticia-9', 'Cuerpo de la noticia 9. Este es el contenido de la noticia.', NOW() - INTERVAL '9 days', (SELECT id FROM users WHERE username = 'writer_user'));
INSERT INTO noticia (id, titular, slug, cuerpo, fecha_publicacion, autor_id) VALUES (gen_random_uuid(), 'Titular de la noticia 10', 'titular-de-la-noticia-10', 'Cuerpo de la noticia 10. Este es el contenido de la noticia.', NOW() - INTERVAL '10 days', (SELECT id FROM users WHERE username = 'writer_user'));

INSERT INTO deporte (id, nombre, descripcion) VALUES (gen_random_uuid(), 'Futbol', 'Deporte de equipo jugado entre dos equipos de once jugadores cada uno, con una pelota esférica.');
INSERT INTO deporte (id, nombre, descripcion) VALUES (gen_random_uuid(), 'Baloncesto', 'Deporte de equipo en el que dos equipos de cinco jugadores compiten por anotar puntos lanzando una pelota a través de un aro.');
INSERT INTO deporte (id, nombre, descripcion) VALUES (gen_random_uuid(), 'Tenis', 'Deporte de raqueta jugado entre dos jugadores (individuales) o dos parejas (dobles), en una cancha rectangular dividida por una red.');
INSERT INTO deporte (id, nombre, descripcion) VALUES (gen_random_uuid(), 'Atletismo', 'Conjunto de disciplinas deportivas que incluyen carreras, saltos, lanzamientos y pruebas combinadas.');
INSERT INTO deporte (id, nombre, descripcion) VALUES (gen_random_uuid(), 'Natacion', 'Deporte acuático que consiste en recorrer una distancia en el agua en el menor tiempo posible, utilizando diferentes estilos.');

INSERT INTO liga (id, nombre, descripcion, deporte_id) VALUES (gen_random_uuid(), 'Liga Futbol 1', 'Primera liga de Futbol.', (SELECT id FROM deporte WHERE nombre = 'Futbol'));
INSERT INTO liga (id, nombre, descripcion, deporte_id) VALUES (gen_random_uuid(), 'Liga Futbol 2', 'Segunda liga de Futbol.', (SELECT id FROM deporte WHERE nombre = 'Futbol'));
INSERT INTO liga (id, nombre, descripcion, deporte_id) VALUES (gen_random_uuid(), 'Liga Futbol 3', 'Tercera liga de Futbol.', (SELECT id FROM deporte WHERE nombre = 'Futbol'));
INSERT INTO liga (id, nombre, descripcion, deporte_id) VALUES (gen_random_uuid(), 'Liga Futbol 4', 'Cuarta liga de Futbol.', (SELECT id FROM deporte WHERE nombre = 'Futbol'));
INSERT INTO liga (id, nombre, descripcion, deporte_id) VALUES (gen_random_uuid(), 'Liga Futbol 5', 'Quinta liga de Futbol.', (SELECT id FROM deporte WHERE nombre = 'Futbol'));
INSERT INTO liga (id, nombre, descripcion, deporte_id) VALUES (gen_random_uuid(), 'Liga Baloncesto 1', 'Primera liga de Baloncesto.', (SELECT id FROM deporte WHERE nombre = 'Baloncesto'));
INSERT INTO liga (id, nombre, descripcion, deporte_id) VALUES (gen_random_uuid(), 'Liga Baloncesto 2', 'Segunda liga de Baloncesto.', (SELECT id FROM deporte WHERE nombre = 'Baloncesto'));
INSERT INTO liga (id, nombre, descripcion, deporte_id) VALUES (gen_random_uuid(), 'Liga Baloncesto 3', 'Tercera liga de Baloncesto.', (SELECT id FROM deporte WHERE nombre = 'Baloncesto'));
INSERT INTO liga (id, nombre, descripcion, deporte_id) VALUES (gen_random_uuid(), 'Liga Baloncesto 4', 'Cuarta liga de Baloncesto.', (SELECT id FROM deporte WHERE nombre = 'Baloncesto'));
INSERT INTO liga (id, nombre, descripcion, deporte_id) VALUES (gen_random_uuid(), 'Liga Baloncesto 5', 'Quinta liga de Baloncesto.', (SELECT id FROM deporte WHERE nombre = 'Baloncesto'));
INSERT INTO liga (id, nombre, descripcion, deporte_id) VALUES (gen_random_uuid(), 'Liga Tenis 1', 'Primera liga de Tenis.', (SELECT id FROM deporte WHERE nombre = 'Tenis'));
INSERT INTO liga (id, nombre, descripcion, deporte_id) VALUES (gen_random_uuid(), 'Liga Tenis 2', 'Segunda liga de Tenis.', (SELECT id FROM deporte WHERE nombre = 'Tenis'));
INSERT INTO liga (id, nombre, descripcion, deporte_id) VALUES (gen_random_uuid(), 'Liga Tenis 3', 'Tercera liga de Tenis.', (SELECT id FROM deporte WHERE nombre = 'Tenis'));
INSERT INTO liga (id, nombre, descripcion, deporte_id) VALUES (gen_random_uuid(), 'Liga Tenis 4', 'Cuarta liga de Tenis.', (SELECT id FROM deporte WHERE nombre = 'Tenis'));
INSERT INTO liga (id, nombre, descripcion, deporte_id) VALUES (gen_random_uuid(), 'Liga Tenis 5', 'Quinta liga de Tenis.', (SELECT id FROM deporte WHERE nombre = 'Tenis'));
INSERT INTO liga (id, nombre, descripcion, deporte_id) VALUES (gen_random_uuid(), 'Liga Atletismo 1', 'Primera liga de Atletismo.', (SELECT id FROM deporte WHERE nombre = 'Atletismo'));
INSERT INTO liga (id, nombre, descripcion, deporte_id) VALUES (gen_random_uuid(), 'Liga Atletismo 2', 'Segunda liga de Atletismo.', (SELECT id FROM deporte WHERE nombre = 'Atletismo'));
INSERT INTO liga (id, nombre, descripcion, deporte_id) VALUES (gen_random_uuid(), 'Liga Atletismo 3', 'Tercera liga de Atletismo.', (SELECT id FROM deporte WHERE nombre = 'Atletismo'));
INSERT INTO liga (id, nombre, descripcion, deporte_id) VALUES (gen_random_uuid(), 'Liga Atletismo 4', 'Cuarta liga de Atletismo.', (SELECT id FROM deporte WHERE nombre = 'Atletismo'));
INSERT INTO liga (id, nombre, descripcion, deporte_id) VALUES (gen_random_uuid(), 'Liga Atletismo 5', 'Quinta liga de Atletismo.', (SELECT id FROM deporte WHERE nombre = 'Atletismo'));
INSERT INTO liga (id, nombre, descripcion, deporte_id) VALUES (gen_random_uuid(), 'Liga Natacion 1', 'Primera liga de Natacion.', (SELECT id FROM deporte WHERE nombre = 'Natacion'));
INSERT INTO liga (id, nombre, descripcion, deporte_id) VALUES (gen_random_uuid(), 'Liga Natacion 2', 'Segunda liga de Natacion.', (SELECT id FROM deporte WHERE nombre = 'Natacion'));
INSERT INTO liga (id, nombre, descripcion, deporte_id) VALUES (gen_random_uuid(), 'Liga Natacion 3', 'Tercera liga de Natacion.', (SELECT id FROM deporte WHERE nombre = 'Natacion'));
INSERT INTO liga (id, nombre, descripcion, deporte_id) VALUES (gen_random_uuid(), 'Liga Natacion 4', 'Cuarta liga de Natacion.', (SELECT id FROM deporte WHERE nombre = 'Natacion'));
INSERT INTO liga (id, nombre, descripcion, deporte_id) VALUES (gen_random_uuid(), 'Liga Natacion 5', 'Quinta liga de Natacion.', (SELECT id FROM deporte WHERE nombre = 'Natacion'));
